모델명,변수묶음,mean_fit_time,std_fit_time,mean_score_time,std_score_time,param_class_weight,param_colsample_bytree,param_learning_rate,param_min_child_samples,param_n_estimators,param_num_leaves,param_reg_lambda,param_subsample,param_subsample_freq,params,split0_test_score,split1_test_score,split2_test_score,split3_test_score,mean_test_score,std_test_score,rank_test_score
LightGBM,B셋,1.4352388978004456,0.1505447565086624,0.19212573766708374,0.0052582213112189,balanced,0.8370786895517575,0.024895501890622528,193,322,31,7.338651790480758,0.7471132530877013,1,"{'class_weight': 'balanced', 'colsample_bytree': np.float64(0.8370786895517575), 'learning_rate': np.float64(0.024895501890622528), 'min_child_samples': 193, 'n_estimators': 322, 'num_leaves': 31, 'reg_lambda': np.float64(7.338651790480758), 'subsample': np.float64(0.7471132530877013), 'subsample_freq': 1}",0.766569592938264,0.6931659260451972,0.8110667232709556,0.7451623363495207,0.7539911446509845,0.04240723437865902,1
LightGBM,B셋,2.8517578840255737,0.184939891984783,0.4142400622367859,0.005575985658355333,balanced,0.7173952698872152,0.02077730198812756,90,591,49,9.22313624127534,0.8423839899124046,1,"{'class_weight': 'balanced', 'colsample_bytree': np.float64(0.7173952698872152), 'learning_rate': np.float64(0.02077730198812756), 'min_child_samples': 90, 'n_estimators': 591, 'num_leaves': 49, 'reg_lambda': np.float64(9.22313624127534), 'subsample': np.float64(0.8423839899124046), 'subsample_freq': 1}",0.7635415938231126,0.7050765432104903,0.8156570000775136,0.7259225936054181,0.7525494326791335,0.04202991929303412,2
LightGBM,B셋,1.809474527835846,0.025657744452387155,0.25211799144744873,0.003285663127078264,,0.8473544037332349,0.056343030242230155,73,704,17,11.930156063342306,0.8721230154351118,1,"{'class_weight': None, 'colsample_bytree': np.float64(0.8473544037332349), 'learning_rate': np.float64(0.056343030242230155), 'min_child_samples': 73, 'n_estimators': 704, 'num_leaves': 17, 'reg_lambda': np.float64(11.930156063342306), 'subsample': np.float64(0.8721230154351118), 'subsample_freq': 1}",0.7566955772741502,0.7028826230688873,0.8092951800565326,0.7399964478505252,0.7522174570625237,0.03827923371147208,3
LightGBM,B셋,1.0337830781936646,0.013091328281000339,0.14282935857772827,0.0021693741059076637,balanced,0.7301321323053057,0.05729938473542885,91,252,38,1.8642761165079123,0.7123738038749523,1,"{'class_weight': 'balanced', 'colsample_bytree': np.float64(0.7301321323053057), 'learning_rate': np.float64(0.05729938473542885), 'min_child_samples': 91, 'n_estimators': 252, 'num_leaves': 38, 'reg_lambda': np.float64(1.8642761165079123), 'subsample': np.float64(0.7123738038749523), 'subsample_freq': 1}",0.7641042623709704,0.7015558452244319,0.8120634994194751,0.7307245294505098,0.7521120341163468,0.04108328529222487,4
LightGBM,B셋,1.5719468593597412,0.04918263385285389,0.18203461170196533,0.003850400105989983,balanced,0.7760609974958406,0.027832876780755886,17,234,92,2.1157899890308403,0.672894435115225,1,"{'class_weight': 'balanced', 'colsample_bytree': np.float64(0.7760609974958406), 'learning_rate': np.float64(0.027832876780755886), 'min_child_samples': 17, 'n_estimators': 234, 'num_leaves': 92, 'reg_lambda': np.float64(2.1157899890308403), 'subsample': np.float64(0.672894435115225), 'subsample_freq': 1}",0.7681430874900103,0.7002742955592614,0.8128159144116671,0.7235711163703176,0.7512011034578141,0.04312879461861169,5
LightGBM,B셋,2.2400763034820557,0.07151573043822687,0.29517894983291626,0.014328128994280697,balanced,0.6849356442713105,0.03272447970178924,30,360,90,4.773919168712655,0.6028265220878869,1,"{'class_weight': 'balanced', 'colsample_bytree': np.float64(0.6849356442713105), 'learning_rate': np.float64(0.03272447970178924), 'min_child_samples': 30, 'n_estimators': 360, 'num_leaves': 90, 'reg_lambda': np.float64(4.773919168712655), 'subsample': np.float64(0.6028265220878869), 'subsample_freq': 1}",0.7568871368633542,0.7149948781100179,0.8172326185248845,0.7141347938471951,0.7508123568363629,0.042061530893099226,6
LightGBM,B셋,2.4298269748687744,0.10847199083700519,0.37804651260375977,0.017907498831857434,balanced,0.881207583558071,0.053541630495137875,195,763,26,1.2657278819106903,0.7988994023569542,1,"{'class_weight': 'balanced', 'colsample_bytree': np.float64(0.881207583558071), 'learning_rate': np.float64(0.053541630495137875), 'min_child_samples': 195, 'n_estimators': 763, 'num_leaves': 26, 'reg_lambda': np.float64(1.2657278819106903), 'subsample': np.float64(0.7988994023569542), 'subsample_freq': 1}",0.7626995968036692,0.7031073398227212,0.8041686189905182,0.7254996647478611,0.7488688050911925,0.038371827688415454,7
LightGBM,B셋,2.4629059433937073,0.07675456528855977,0.3629007339477539,0.003957368314685394,balanced,0.7433862914177091,0.027371751200935983,144,400,86,2.6243209501095666,0.6381640465961645,1,"{'class_weight': 'balanced', 'colsample_bytree': np.float64(0.7433862914177091), 'learning_rate': np.float64(0.027371751200935983), 'min_child_samples': 144, 'n_estimators': 400, 'num_leaves': 86, 'reg_lambda': np.float64(2.6243209501095666), 'subsample': np.float64(0.6381640465961645), 'subsample_freq': 1}",0.766428388825604,0.7004443381844188,0.8129671708917133,0.7154305996887074,0.7488176243976108,0.044384601995268634,8
LightGBM,B셋,1.8802909851074219,0.0766670123871032,0.22044962644577026,0.0025021510971578527,balanced,0.7103996728090174,0.04461436089046751,54,264,103,19.055576023698443,0.908897907718663,1,"{'class_weight': 'balanced', 'colsample_bytree': np.float64(0.7103996728090174), 'learning_rate': np.float64(0.04461436089046751), 'min_child_samples': 54, 'n_estimators': 264, 'num_leaves': 103, 'reg_lambda': np.float64(19.055576023698443), 'subsample': np.float64(0.908897907718663), 'subsample_freq': 1}",0.7610463155884044,0.7057288807862252,0.8132596401765765,0.7144273014975542,0.7486155345121901,0.042841233233261916,9
LightGBM,B셋,1.8223817944526672,0.1484820507764944,0.20132440328598022,0.006634291964856231,,0.9186171947440931,0.032867452853300214,81,220,117,2.58952924735297,0.6399899663272012,1,"{'class_weight': None, 'colsample_bytree': np.float64(0.9186171947440931), 'learning_rate': np.float64(0.032867452853300214), 'min_child_samples': 81, 'n_estimators': 220, 'num_leaves': 117, 'reg_lambda': np.float64(2.58952924735297), 'subsample': np.float64(0.6399899663272012), 'subsample_freq': 1}",0.7679583405237521,0.6881595625100254,0.8062941900331764,0.7314171498048185,0.7484573107179431,0.043736655951565756,10
LightGBM,B셋,1.5094184279441833,0.008462089903235206,0.1649078130722046,0.0068139652559561625,balanced,0.822080324639785,0.08393583423499193,11,503,26,3.9209347021992134,0.9530545372757359,1,"{'class_weight': 'balanced', 'colsample_bytree': np.float64(0.822080324639785), 'learning_rate': np.float64(0.08393583423499193), 'min_child_samples': 11, 'n_estimators': 503, 'num_leaves': 26, 'reg_lambda': np.float64(3.9209347021992134), 'subsample': np.float64(0.9530545372757359), 'subsample_freq': 1}",0.7604545683719676,0.7082338984030763,0.7959713193902516,0.7288522338700932,0.7483780050088472,0.03318046108106829,11
LightGBM,B셋,3.7567151188850403,0.16500096635104539,0.5900077223777771,0.060123904902256095,,0.6307919639315172,0.04383329786942253,95,777,56,9.854335238232672,0.8533615026041694,1,"{'class_weight': None, 'colsample_bytree': np.float64(0.6307919639315172), 'learning_rate': np.float64(0.04383329786942253), 'min_child_samples': 95, 'n_estimators': 777, 'num_leaves': 56, 'reg_lambda': np.float64(9.854335238232672), 'subsample': np.float64(0.8533615026041694), 'subsample_freq': 1}",0.7534508859210849,0.712234749947128,0.811061940043038,0.7106943358617577,0.7468604779432522,0.04084174361295359,12
LightGBM,B셋,3.586158275604248,0.26461768948200176,0.45241451263427734,0.012316703915226795,balanced,0.782613828193164,0.03613565111350388,93,530,106,1.8611463105129133,0.9627313766183017,1,"{'class_weight': 'balanced', 'colsample_bytree': np.float64(0.782613828193164), 'learning_rate': np.float64(0.03613565111350388), 'min_child_samples': 93, 'n_estimators': 530, 'num_leaves': 106, 'reg_lambda': np.float64(1.8611463105129133), 'subsample': np.float64(0.9627313766183017), 'subsample_freq': 1}",0.7638055043971205,0.7042178784457739,0.8037078567690812,0.715471119310642,0.7468005897306544,0.03975684589402978,13
LightGBM,B셋,3.45599901676178,0.046749575291433934,0.5399783253669739,0.006725585711956492,balanced,0.8940864476963089,0.03523037787141002,168,497,113,1.1617718528420535,0.6699819708383744,1,"{'class_weight': 'balanced', 'colsample_bytree': np.float64(0.8940864476963089), 'learning_rate': np.float64(0.03523037787141002), 'min_child_samples': 168, 'n_estimators': 497, 'num_leaves': 113, 'reg_lambda': np.float64(1.1617718528420535), 'subsample': np.float64(0.6699819708383744), 'subsample_freq': 1}",0.7601807790847831,0.6960729117918913,0.8027670118369719,0.7229195168296022,0.7454850548858121,0.04014956504990776,14
LightGBM,B셋,1.2220115661621094,0.056131337057880364,0.15744417905807495,0.0027549027950663895,,0.9464704583099741,0.10185822566867639,161,330,36,0.6156653871515161,0.8887995089067299,1,"{'class_weight': None, 'colsample_bytree': np.float64(0.9464704583099741), 'learning_rate': np.float64(0.10185822566867639), 'min_child_samples': 161, 'n_estimators': 330, 'num_leaves': 36, 'reg_lambda': np.float64(0.6156653871515161), 'subsample': np.float64(0.8887995089067299), 'subsample_freq': 1}",0.7628201908873449,0.696619968979378,0.796087791265892,0.7244338422343275,0.7449904483417356,0.03771974118929948,15
LightGBM,B셋,0.9475990533828735,0.07979875399712191,0.123660147190094,0.0008638688743253557,,0.6592347719813599,0.29816994069118125,196,312,16,3.193684098521171,0.6205915004999957,1,"{'class_weight': None, 'colsample_bytree': np.float64(0.6592347719813599), 'learning_rate': np.float64(0.29816994069118125), 'min_child_samples': 196, 'n_estimators': 312, 'num_leaves': 16, 'reg_lambda': np.float64(3.193684098521171), 'subsample': np.float64(0.6205915004999957), 'subsample_freq': 1}",0.7458804085442261,0.7135577654657976,0.796289906092602,0.7237834916950474,0.7448778929494183,0.031898762839737915,16
LightGBM,B셋,5.2993245124816895,0.03678487943400799,0.9251686334609985,0.020092435762629157,balanced,0.6888431241882921,0.027669582514546143,181,863,93,0.9302128828153594,0.687505687829228,1,"{'class_weight': 'balanced', 'colsample_bytree': np.float64(0.6888431241882921), 'learning_rate': np.float64(0.027669582514546143), 'min_child_samples': 181, 'n_estimators': 863, 'num_leaves': 93, 'reg_lambda': np.float64(0.9302128828153594), 'subsample': np.float64(0.687505687829228), 'subsample_freq': 1}",0.7562082028297936,0.7024842619038201,0.8105729418810222,0.7069550297537068,0.7440551090920857,0.04380887749417513,17
LightGBM,B셋,1.630524218082428,0.15196740308363205,0.19693529605865479,0.006329615908478115,,0.7380284992106732,0.11145128171693051,135,329,67,3.0416041299946004,0.9942601816442402,1,"{'class_weight': None, 'colsample_bytree': np.float64(0.7380284992106732), 'learning_rate': np.float64(0.11145128171693051), 'min_child_samples': 135, 'n_estimators': 329, 'num_leaves': 67, 'reg_lambda': np.float64(3.0416041299946004), 'subsample': np.float64(0.9942601816442402), 'subsample_freq': 1}",0.7603015152688971,0.7026130302873905,0.8019440125103202,0.7107904347216586,0.7439122481970666,0.04012160787004751,18
LightGBM,B셋,1.3497344255447388,0.08302329989300816,0.12662982940673828,0.004615575498400878,,0.6478376983753207,0.13799741637040025,10,204,104,1.19407609176078,0.7024273291045295,1,"{'class_weight': None, 'colsample_bytree': np.float64(0.6478376983753207), 'learning_rate': np.float64(0.13799741637040025), 'min_child_samples': 10, 'n_estimators': 204, 'num_leaves': 104, 'reg_lambda': np.float64(1.19407609176078), 'subsample': np.float64(0.7024273291045295), 'subsample_freq': 1}",0.7442587774689371,0.7199870856678525,0.7978344142490539,0.7132346483244734,0.7438287314275791,0.0332461302637745,19
LightGBM,B셋,3.424842894077301,0.04558073939670925,0.4321401119232178,0.04327594102081488,,0.8090931317527976,0.0636586244779324,51,660,65,0.5614633922822612,0.8545641645055122,1,"{'class_weight': None, 'colsample_bytree': np.float64(0.8090931317527976), 'learning_rate': np.float64(0.0636586244779324), 'min_child_samples': 51, 'n_estimators': 660, 'num_leaves': 65, 'reg_lambda': np.float64(0.5614633922822612), 'subsample': np.float64(0.8545641645055122), 'subsample_freq': 1}",0.7593319065902767,0.697736116134882,0.7946664139886521,0.7198871800074235,0.7429054041803086,0.03714544165980544,20
LightGBM,B셋,3.4066022634506226,0.17788148138441068,0.4496806263923645,0.010417530204031685,,0.6911740650167767,0.06358398347237385,125,458,117,0.9178222019607223,0.8136357677501768,1,"{'class_weight': None, 'colsample_bytree': np.float64(0.6911740650167767), 'learning_rate': np.float64(0.06358398347237385), 'min_child_samples': 125, 'n_estimators': 458, 'num_leaves': 117, 'reg_lambda': np.float64(0.9178222019607223), 'subsample': np.float64(0.8136357677501768), 'subsample_freq': 1}",0.7472363965132378,0.7070447393410462,0.7986730432004926,0.7095383492339966,0.7406231320721933,0.037105591327573635,21
LightGBM,B셋,4.234877288341522,0.38322230814759756,0.6567280292510986,0.018293198159492676,,0.943343521925488,0.048348990967192244,173,602,104,3.3065401830212737,0.6905983100791752,1,"{'class_weight': None, 'colsample_bytree': np.float64(0.943343521925488), 'learning_rate': np.float64(0.048348990967192244), 'min_child_samples': 173, 'n_estimators': 602, 'num_leaves': 104, 'reg_lambda': np.float64(3.3065401830212737), 'subsample': np.float64(0.6905983100791752), 'subsample_freq': 1}",0.7574368414788992,0.6866195206075039,0.7922584918156874,0.7184285160467038,0.7386858424871986,0.03982113091016107,22
LightGBM,B셋,5.869822561740875,0.3865989760023608,0.9300946593284607,0.0953495462802623,,0.7243929286862649,0.04824754927000933,108,883,118,1.377497431176358,0.8244973703390804,1,"{'class_weight': None, 'colsample_bytree': np.float64(0.7243929286862649), 'learning_rate': np.float64(0.04824754927000933), 'min_child_samples': 108, 'n_estimators': 883, 'num_leaves': 118, 'reg_lambda': np.float64(1.377497431176358), 'subsample': np.float64(0.8244973703390804), 'subsample_freq': 1}",0.7458095058908146,0.7054189951268532,0.7908501153188253,0.7085523461327818,0.7376577406173188,0.034577234932680674,23
LightGBM,B셋,4.23095577955246,0.6696812049264115,0.5645772218704224,0.011056876346913975,balanced,0.7246844304357644,0.08178571400096163,115,676,77,11.17791346147768,0.7799016533479063,1,"{'class_weight': 'balanced', 'colsample_bytree': np.float64(0.7246844304357644), 'learning_rate': np.float64(0.08178571400096163), 'min_child_samples': 115, 'n_estimators': 676, 'num_leaves': 77, 'reg_lambda': np.float64(11.17791346147768), 'subsample': np.float64(0.7799016533479063), 'subsample_freq': 1}",0.7452727597421807,0.7052364355830115,0.7954547362921487,0.7012266212388668,0.736797638214052,0.03799305726059208,24
LightGBM,B셋,0.7224918603897095,0.007865412839962406,0.08555316925048828,0.0022414812114266006,,0.6260206371941118,0.2612197333954732,69,213,23,0.5303333007320811,0.6923575302488596,1,"{'class_weight': None, 'colsample_bytree': np.float64(0.6260206371941118), 'learning_rate': np.float64(0.2612197333954732), 'min_child_samples': 69, 'n_estimators': 213, 'num_leaves': 23, 'reg_lambda': np.float64(0.5303333007320811), 'subsample': np.float64(0.6923575302488596), 'subsample_freq': 1}",0.74401114559324,0.6976973302588011,0.786118661567867,0.7192606771749532,0.7367719536487153,0.03286705979880124,25
LightGBM,B셋,3.7275628447532654,0.2977841574198254,0.6175833940505981,0.07455706903618185,,0.7164916560792167,0.10486361783805698,179,675,74,1.9315397754283634,0.7824279936868144,1,"{'class_weight': None, 'colsample_bytree': np.float64(0.7164916560792167), 'learning_rate': np.float64(0.10486361783805698), 'min_child_samples': 179, 'n_estimators': 675, 'num_leaves': 74, 'reg_lambda': np.float64(1.9315397754283634), 'subsample': np.float64(0.7824279936868144), 'subsample_freq': 1}",0.7351297069574697,0.7042898468441845,0.7929529646496286,0.6976126210009255,0.7324962848630521,0.03766436708914035,26
LightGBM,B셋,4.741123557090759,0.08316021531739894,0.8007388114929199,0.026700963830148212,balanced,0.9933692563579372,0.05889574724740271,153,808,87,1.6325966929573725,0.6746074041599417,1,"{'class_weight': 'balanced', 'colsample_bytree': np.float64(0.9933692563579372), 'learning_rate': np.float64(0.05889574724740271), 'min_child_samples': 153, 'n_estimators': 808, 'num_leaves': 87, 'reg_lambda': np.float64(1.6325966929573725), 'subsample': np.float64(0.6746074041599417), 'subsample_freq': 1}",0.7512222263668183,0.6791356720157566,0.7856315915928839,0.707697318466578,0.7309217021105092,0.040701499360802924,27
LightGBM,B셋,2.538008391857147,0.08440606981980381,0.3050841689109802,0.005933698170309664,balanced,0.9579309401710595,0.10097524940480988,57,470,86,4.100676156560029,0.8083337040103294,1,"{'class_weight': 'balanced', 'colsample_bytree': np.float64(0.9579309401710595), 'learning_rate': np.float64(0.10097524940480988), 'min_child_samples': 57, 'n_estimators': 470, 'num_leaves': 86, 'reg_lambda': np.float64(4.100676156560029), 'subsample': np.float64(0.8083337040103294), 'subsample_freq': 1}",0.7559229307340977,0.673527838688788,0.7842119438911366,0.7059163590994003,0.7298947681033556,0.04295350877833169,28
LightGBM,B셋,3.460023581981659,0.21016184351638217,0.49442797899246216,0.008734549344867362,balanced,0.8253102287905535,0.13152865692632704,160,430,123,3.66292324568885,0.6812244898939077,1,"{'class_weight': 'balanced', 'colsample_bytree': np.float64(0.8253102287905535), 'learning_rate': np.float64(0.13152865692632704), 'min_child_samples': 160, 'n_estimators': 430, 'num_leaves': 123, 'reg_lambda': np.float64(3.66292324568885), 'subsample': np.float64(0.6812244898939077), 'subsample_freq': 1}",0.7397786266457178,0.6865866772900453,0.7732041530776375,0.7049956037270924,0.7261412651851233,0.03321369245671644,29
LightGBM,B셋,4.068428039550781,0.06360272334107414,0.6848431825637817,0.013897247486922403,balanced,0.6384706204365683,0.25537076999295644,177,839,53,15.836807651835937,0.6550083776583973,1,"{'class_weight': 'balanced', 'colsample_bytree': np.float64(0.6384706204365683), 'learning_rate': np.float64(0.25537076999295644), 'min_child_samples': 177, 'n_estimators': 839, 'num_leaves': 53, 'reg_lambda': np.float64(15.836807651835937), 'subsample': np.float64(0.6550083776583973), 'subsample_freq': 1}",0.7207284396401743,0.6711364443464083,0.7659033142473161,0.6825060202399543,0.7100685546184632,0.03710308627018043,30
